"Top Advantages and Challenges of Hybrid Work, According to Hybrid Employees",%
Top Advantages,
Improved work-life balance,76
More efficient use of my time throughout the day/week,64
Less burnout or fatigue at work,61
More freedom to choose when or where I work,57
Higher productivity,52
,
Top Challenges,
Less access to work resources and equipment,31
Feel less connected to my organization's culture,28
Decreased collaboration with my team,24
Impaired working relationship with coworkers,21
Reduced cross-functional communication and collaboration,18
Disrupted processes,17
"More difficult to coordinate work schedules, tasks and timelines with my teammates",17